[{"pk": 11, "model": "contenttypes.contenttype", "fields": {"model": "author", "name": "author", "app_label": "app"}}, {"pk": 10, "model": "contenttypes.contenttype", "fields": {"model": "badqualify", "name": "bad qualify", "app_label": "app"}}, {"pk": 12, "model": "contenttypes.contenttype", "fields": {"model": "comment", "name": "comment", "app_label": "app"}}, {"pk": 4, "model": "contenttypes.contenttype", "fields": {"model": "contenttype", "name": "content type", "app_label": "contenttypes"}}, {"pk": 15, "model": "contenttypes.contenttype", "fields": {"model": "contributor", "name": "contributor", "app_label": "app"}}, {"pk": 9, "model": "contenttypes.contenttype", "fields": {"model": "finequalify", "name": "fine qualify", "app_label": "app"}}, {"pk": 2, "model": "contenttypes.contenttype", "fields": {"model": "group", "name": "group", "app_label": "auth"}}, {"pk": 7, "model": "contenttypes.contenttype", "fields": {"model": "logentry", "name": "log entry", "app_label": "admin"}}, {"pk": 14, "model": "contenttypes.contenttype", "fields": {"model": "maincomment", "name": "main comment", "app_label": "app"}}, {"pk": 8, "model": "contenttypes.contenttype", "fields": {"model": "page", "name": "page", "app_label": "app"}}, {"pk": 1, "model": "contenttypes.contenttype", "fields": {"model": "permission", "name": "permission", "app_label": "auth"}}, {"pk": 5, "model": "contenttypes.contenttype", "fields": {"model": "session", "name": "session", "app_label": "sessions"}}, {"pk": 6, "model": "contenttypes.contenttype", "fields": {"model": "site", "name": "site", "app_label": "sites"}}, {"pk": 3, "model": "contenttypes.contenttype", "fields": {"model": "user", "name": "user", "app_label": "auth"}}, {"pk": 13, "model": "contenttypes.contenttype", "fields": {"model": "visit", "name": "visit", "app_label": "app"}}, {"pk": "12c8ed6e249fedf1145c69ab180bed96", "model": "sessions.session", "fields": {"expire_date": "2012-11-07T14:11:32.982", "session_data": "ZDI3MjViNmYwMTE5NjFjYjdkYWVmNmEyOThkN2Y4ZGZkM2U3ZWQzMzqAAn1xAShVEl9hdXRoX3Vz\nZXJfYmFja2VuZHECVSlkamFuZ28uY29udHJpYi5hdXRoLmJhY2tlbmRzLk1vZGVsQmFja2VuZHED\nVQ1fYXV0aF91c2VyX2lkcQRLAXUu\n"}}, {"pk": "dd355114a913000b8570bc7dbbda0f4e", "model": "sessions.session", "fields": {"expire_date": "2012-11-07T14:44:02.038", "session_data": "ZDI3MjViNmYwMTE5NjFjYjdkYWVmNmEyOThkN2Y4ZGZkM2U3ZWQzMzqAAn1xAShVEl9hdXRoX3Vz\nZXJfYmFja2VuZHECVSlkamFuZ28uY29udHJpYi5hdXRoLmJhY2tlbmRzLk1vZGVsQmFja2VuZHED\nVQ1fYXV0aF91c2VyX2lkcQRLAXUu\n"}}, {"pk": 1, "model": "sites.site", "fields": {"domain": "example.com", "name": "example.com"}}, {"pk": 2, "model": "app.page", "fields": {"body": true, "info": "", "name": "Fine without you", "fondo": "fondos/fondo4_6.png", "video": "http://www.youtube-nocookie.com/v/rLG6OAE6FIE?version=3&amp;hl=es_MX", "keywords": "Fine without you, armin van buuren, jennifer renne, crispander", "path": "Finewithoutyou"}}, {"pk": 6, "model": "app.page", "fields": {"body": false, "info": "", "name": "Nothing but you", "fondo": "fondos/fondo2_16.png", "video": "http://www.youtube-nocookie.com/v/ReqPNqp8v14?version=3&amp;hl=es_MX", "keywords": "nothing but you", "path": "Nothingbutyou"}}, {"pk": 3, "model": "app.page", "fields": {"body": true, "info": "== Armin van Buuren ==\n\n=== till the skill falls down ===\n\ncanci\u00f3n creda en el a\u00f1o ???? en compa\u00f1ia de la cantante ???? ", "name": "Till The Sky Falls Down", "fondo": "fondos/elefante_4.jpg", "video": "http://www.youtube-nocookie.com/v/n4KrOOm8Nj8?version=3&amp;hl=es_MX", "keywords": "Till The Sky Falls Down, armin van buuren, electro, crispander", "path": "TillTheSkyFallsDown"}}, {"pk": 1, "model": "app.page", "fields": {"body": false, "info": "== Armin van Buuren ==\r\n\r\nDj n\u00famero 1 en el planeta, es el unico dj que haga ganado 4 veces consecutivas este ** valioso ** premio.\r\n\r\n{{{\r\nEste tema pertenece ala album ??? y esta echo en compa\u00f1ia \r\nde la canatante sia\r\n}}}", "name": "in and out of love with", "fondo": "", "video": "http://www.youtube-nocookie.com/v/u6RAuOKXv9Y?version=3&amp;hl=es_MX", "keywords": "in and out of love with, armin van buuren, crispander", "path": "inandoutoflovewith"}}, {"pk": 4, "model": "app.page", "fields": {"body": false, "info": "", "name": "lethal industry", "fondo": "", "video": "http://www.youtube-nocookie.com/v/QJrJCjSJ-ho?version=3&amp;hl=es_MX", "keywords": "lethal industry", "path": "lethalindustry"}}, {"pk": 5, "model": "app.page", "fields": {"body": true, "info": "== Paul van Dyk ==\n dj nacido en Alemania, tiene la edad de 41 a\u00f1os a ganado dos veces el\npremio a mejor dj de todo el mundo.\n\\\\\nentre sus tracks mas fomosos esta:\n*for a angel\n*nothing but you\n*cream\n*ocean", "name": "ocean", "fondo": "fondos/fondo4_7.png", "video": "http://www.youtube-nocookie.com/v/2vxQWqw6nac?version=3&amp;hl=es_MX", "keywords": "ocean", "path": "ocean"}}, {"pk": 6, "model": "app.finequalify", "fields": {"date": "2012-10-24T19:08:54.746", "page": 5}}, {"pk": 5, "model": "app.finequalify", "fields": {"date": "2012-10-24T15:04:33.838", "page": 6}}, {"pk": 4, "model": "app.finequalify", "fields": {"date": "2012-10-24T14:40:01.403", "page": 1}}, {"pk": 3, "model": "app.finequalify", "fields": {"date": "2012-10-24T14:27:01.915", "page": 1}}, {"pk": 2, "model": "app.finequalify", "fields": {"date": "2012-10-24T14:17:46.106", "page": 1}}, {"pk": 1, "model": "app.finequalify", "fields": {"date": "2012-10-24T14:16:26.216", "page": 1}}, {"pk": 1, "model": "app.badqualify", "fields": {"date": "2012-10-24T19:29:30.716", "page": 3}}, {"pk": 1, "model": "app.author", "fields": {"country": "Holanda", "age": 45, "page": 1, "name": "Armin van buuren"}}, {"pk": 2, "model": "app.author", "fields": {"country": "Alemania", "age": 23, "page": 1, "name": "Sia"}}, {"pk": 3, "model": "app.author", "fields": {"country": "Holanda", "age": 22, "page": 3, "name": "armin van buuren"}}, {"pk": 4, "model": "app.author", "fields": {"country": "Holanda", "age": 41, "page": 2, "name": "Armin van buuren"}}, {"pk": 5, "model": "app.author", "fields": {"country": "Alemania", "age": 41, "page": 6, "name": "Paul van dyk"}}, {"pk": 6, "model": "app.author", "fields": {"country": "Alemania", "age": 41, "page": 5, "name": "Paul van dyk"}}, {"pk": 7, "model": "app.author", "fields": {"country": "Holanada", "age": 23, "page": 4, "name": "Tiesto"}}, {"pk": 20, "model": "app.visit", "fields": {"date": "2012-10-24T19:29:55.999", "ip": "10.127.77.84", "page": 2}}, {"pk": 19, "model": "app.visit", "fields": {"date": "2012-10-24T19:10:07.533", "ip": "10.127.77.84", "page": 3}}, {"pk": 18, "model": "app.visit", "fields": {"date": "2012-10-24T19:03:10.704", "ip": "10.192.97.219", "page": 5}}, {"pk": 17, "model": "app.visit", "fields": {"date": "2012-10-24T15:05:22.097", "ip": "10.79.37.178", "page": 5}}, {"pk": 16, "model": "app.visit", "fields": {"date": "2012-10-24T15:04:46.685", "ip": "10.127.77.84", "page": 5}}, {"pk": 15, "model": "app.visit", "fields": {"date": "2012-10-24T15:04:14.280", "ip": "10.192.97.219", "page": 6}}, {"pk": 14, "model": "app.visit", "fields": {"date": "2012-10-24T14:55:34.011", "ip": "10.115.55.72", "page": 1}}, {"pk": 13, "model": "app.visit", "fields": {"date": "2012-10-24T14:54:20.947", "ip": "10.115.55.72", "page": 2}}, {"pk": 12, "model": "app.visit", "fields": {"date": "2012-10-24T14:49:06.284", "ip": "10.192.97.219", "page": 1}}, {"pk": 11, "model": "app.visit", "fields": {"date": "2012-10-24T14:47:40.434", "ip": "10.127.77.84", "page": 1}}, {"pk": 10, "model": "app.visit", "fields": {"date": "2012-10-24T14:46:48.465", "ip": "10.127.77.84", "page": 1}}, {"pk": 9, "model": "app.visit", "fields": {"date": "2012-10-24T14:45:49.175", "ip": "10.192.97.219", "page": 1}}, {"pk": 8, "model": "app.visit", "fields": {"date": "2012-10-24T14:43:02.814", "ip": "10.127.77.84", "page": 1}}, {"pk": 7, "model": "app.visit", "fields": {"date": "2012-10-24T14:39:32.628", "ip": "10.192.97.219", "page": 1}}, {"pk": 6, "model": "app.visit", "fields": {"date": "2012-10-24T14:22:33.807", "ip": "127.0.0.1", "page": 1}}, {"pk": 5, "model": "app.visit", "fields": {"date": "2012-10-24T14:17:38.929", "ip": "127.0.0.1", "page": 1}}, {"pk": 4, "model": "app.visit", "fields": {"date": "2012-10-24T14:16:10.425", "ip": "127.0.0.1", "page": 1}}, {"pk": 3, "model": "app.visit", "fields": {"date": "2012-10-24T14:15:47.040", "ip": "127.0.0.1", "page": 1}}, {"pk": 2, "model": "app.visit", "fields": {"date": "2012-10-24T14:15:00.915", "ip": "127.0.0.1", "page": 1}}, {"pk": 1, "model": "app.visit", "fields": {"date": "2012-10-24T14:13:00.460", "ip": "127.0.0.1", "page": 1}}, {"pk": 4, "model": "app.maincomment", "fields": {"date": "2012-10-24T14:57:55.971", "page": 3, "name": "excelente estilo el de esta pagina."}}, {"pk": 3, "model": "app.maincomment", "fields": {"date": "2012-10-24T14:57:10.806", "page": 3, "name": "Esta cancion me llama mucho la atencion es hermosa"}}, {"pk": 2, "model": "app.maincomment", "fields": {"date": "2012-10-24T14:22:29.404", "page": 1, "name": "Uno de mis mejores temas, es muy buena."}}, {"pk": 1, "model": "app.maincomment", "fields": {"date": "2012-10-24T14:22:00.213", "page": 1, "name": "This video is all a pump is super sticky"}}, {"pk": 6, "model": "app.contributor", "fields": {"image": "", "font": 1, "name": "Castrol", "size": 16}}, {"pk": 2, "model": "app.contributor", "fields": {"image": "", "font": 1, "name": "Panasonic", "size": 15}}, {"pk": 1, "model": "app.contributor", "fields": {"image": "", "font": 1, "name": "SONY", "size": 19}}, {"pk": 4, "model": "app.contributor", "fields": {"image": "", "font": 3, "name": "dumlop", "size": 15}}, {"pk": 7, "model": "app.contributor", "fields": {"image": "", "font": 2, "name": "finisheds", "size": 23}}, {"pk": 8, "model": "app.contributor", "fields": {"image": "", "font": 3, "name": "lopsi", "size": 16}}, {"pk": 3, "model": "app.contributor", "fields": {"image": "", "font": 2, "name": "rockstart", "size": 22}}, {"pk": 5, "model": "app.contributor", "fields": {"image": "", "font": 1, "name": "sync", "size": 18}}, {"pk": 9, "model": "app.contributor", "fields": {"image": "", "font": 1, "name": "wikipedia", "size": 14}}, {"pk": 10, "model": "app.contributor", "fields": {"image": "", "font": 1, "name": "youtube", "size": 16}}, {"pk": 19, "model": "auth.permission", "fields": {"codename": "add_logentry", "name": "Can add log entry", "content_type": 7}}, {"pk": 20, "model": "auth.permission", "fields": {"codename": "change_logentry", "name": "Can change log entry", "content_type": 7}}, {"pk": 21, "model": "auth.permission", "fields": {"codename": "delete_logentry", "name": "Can delete log entry", "content_type": 7}}, {"pk": 22, "model": "auth.permission", "fields": {"codename": "add_author", "name": "Can add author", "content_type": 11}}, {"pk": 30, "model": "auth.permission", "fields": {"codename": "change_author", "name": "Can change author", "content_type": 11}}, {"pk": 38, "model": "auth.permission", "fields": {"codename": "delete_author", "name": "Can delete author", "content_type": 11}}, {"pk": 23, "model": "auth.permission", "fields": {"codename": "add_badqualify", "name": "Can add bad qualify", "content_type": 10}}, {"pk": 31, "model": "auth.permission", "fields": {"codename": "change_badqualify", "name": "Can change bad qualify", "content_type": 10}}, {"pk": 39, "model": "auth.permission", "fields": {"codename": "delete_badqualify", "name": "Can delete bad qualify", "content_type": 10}}, {"pk": 24, "model": "auth.permission", "fields": {"codename": "add_comment", "name": "Can add comment", "content_type": 12}}, {"pk": 32, "model": "auth.permission", "fields": {"codename": "change_comment", "name": "Can change comment", "content_type": 12}}, {"pk": 40, "model": "auth.permission", "fields": {"codename": "delete_comment", "name": "Can delete comment", "content_type": 12}}, {"pk": 25, "model": "auth.permission", "fields": {"codename": "add_contributor", "name": "Can add contributor", "content_type": 15}}, {"pk": 33, "model": "auth.permission", "fields": {"codename": "change_contributor", "name": "Can change contributor", "content_type": 15}}, {"pk": 41, "model": "auth.permission", "fields": {"codename": "delete_contributor", "name": "Can delete contributor", "content_type": 15}}, {"pk": 26, "model": "auth.permission", "fields": {"codename": "add_finequalify", "name": "Can add fine qualify", "content_type": 9}}, {"pk": 34, "model": "auth.permission", "fields": {"codename": "change_finequalify", "name": "Can change fine qualify", "content_type": 9}}, {"pk": 42, "model": "auth.permission", "fields": {"codename": "delete_finequalify", "name": "Can delete fine qualify", "content_type": 9}}, {"pk": 27, "model": "auth.permission", "fields": {"codename": "add_maincomment", "name": "Can add main comment", "content_type": 14}}, {"pk": 35, "model": "auth.permission", "fields": {"codename": "change_maincomment", "name": "Can change main comment", "content_type": 14}}, {"pk": 43, "model": "auth.permission", "fields": {"codename": "delete_maincomment", "name": "Can delete main comment", "content_type": 14}}, {"pk": 28, "model": "auth.permission", "fields": {"codename": "add_page", "name": "Can add page", "content_type": 8}}, {"pk": 36, "model": "auth.permission", "fields": {"codename": "change_page", "name": "Can change page", "content_type": 8}}, {"pk": 44, "model": "auth.permission", "fields": {"codename": "delete_page", "name": "Can delete page", "content_type": 8}}, {"pk": 29, "model": "auth.permission", "fields": {"codename": "add_visit", "name": "Can add visit", "content_type": 13}}, {"pk": 37, "model": "auth.permission", "fields": {"codename": "change_visit", "name": "Can change visit", "content_type": 13}}, {"pk": 45, "model": "auth.permission", "fields": {"codename": "delete_visit", "name": "Can delete visit", "content_type": 13}}, {"pk": 1, "model": "auth.permission", "fields": {"codename": "add_group", "name": "Can add group", "content_type": 2}}, {"pk": 4, "model": "auth.permission", "fields": {"codename": "change_group", "name": "Can change group", "content_type": 2}}, {"pk": 7, "model": "auth.permission", "fields": {"codename": "delete_group", "name": "Can delete group", "content_type": 2}}, {"pk": 2, "model": "auth.permission", "fields": {"codename": "add_permission", "name": "Can add permission", "content_type": 1}}, {"pk": 5, "model": "auth.permission", "fields": {"codename": "change_permission", "name": "Can change permission", "content_type": 1}}, {"pk": 8, "model": "auth.permission", "fields": {"codename": "delete_permission", "name": "Can delete permission", "content_type": 1}}, {"pk": 3, "model": "auth.permission", "fields": {"codename": "add_user", "name": "Can add user", "content_type": 3}}, {"pk": 6, "model": "auth.permission", "fields": {"codename": "change_user", "name": "Can change user", "content_type": 3}}, {"pk": 9, "model": "auth.permission", "fields": {"codename": "delete_user", "name": "Can delete user", "content_type": 3}}, {"pk": 10, "model": "auth.permission", "fields": {"codename": "add_contenttype", "name": "Can add content type", "content_type": 4}}, {"pk": 11, "model": "auth.permission", "fields": {"codename": "change_contenttype", "name": "Can change content type", "content_type": 4}}, {"pk": 12, "model": "auth.permission", "fields": {"codename": "delete_contenttype", "name": "Can delete content type", "content_type": 4}}, {"pk": 13, "model": "auth.permission", "fields": {"codename": "add_session", "name": "Can add session", "content_type": 5}}, {"pk": 14, "model": "auth.permission", "fields": {"codename": "change_session", "name": "Can change session", "content_type": 5}}, {"pk": 15, "model": "auth.permission", "fields": {"codename": "delete_session", "name": "Can delete session", "content_type": 5}}, {"pk": 16, "model": "auth.permission", "fields": {"codename": "add_site", "name": "Can add site", "content_type": 6}}, {"pk": 17, "model": "auth.permission", "fields": {"codename": "change_site", "name": "Can change site", "content_type": 6}}, {"pk": 18, "model": "auth.permission", "fields": {"codename": "delete_site", "name": "Can delete site", "content_type": 6}}, {"pk": 1, "model": "auth.user", "fields": {"username": "cristian", "first_name": "", "last_name": "", "is_active": true, "is_superuser": true, "is_staff": true, "last_login": "2012-10-24T14:44:02.015", "groups": [], "user_permissions": [], "password": "pbkdf2_sha256$10000$TUHz7b2zdMHe$ts6tsre2kQT5TsnUFdJiC8pRlWCxjWSbfT2wkqDRCOo=", "email": "admin@admin.com", "date_joined": "2012-10-24T14:11:04.536"}}, {"pk": 30, "model": "admin.logentry", "fields": {"action_flag": 2, "action_time": "2012-10-24T15:05:17.154", "object_repr": "ocean", "object_id": "5", "change_message": "Modificado/a body.", "user": 1, "content_type": 8}}, {"pk": 29, "model": "admin.logentry", "fields": {"action_flag": 1, "action_time": "2012-10-24T15:03:49.168", "object_repr": "Tiesto", "object_id": "7", "change_message": "", "user": 1, "content_type": 11}}, {"pk": 28, "model": "admin.logentry", "fields": {"action_flag": 1, "action_time": "2012-10-24T15:03:32.446", "object_repr": "Paul van dyk", "object_id": "6", "change_message": "", "user": 1, "content_type": 11}}, {"pk": 27, "model": "admin.logentry", "fields": {"action_flag": 1, "action_time": "2012-10-24T15:03:16.126", "object_repr": "Paul van dyk", "object_id": "5", "change_message": "", "user": 1, "content_type": 11}}, {"pk": 26, "model": "admin.logentry", "fields": {"action_flag": 1, "action_time": "2012-10-24T15:02:50.863", "object_repr": "Nothing but you", "object_id": "6", "change_message": "", "user": 1, "content_type": 8}}, {"pk": 25, "model": "admin.logentry", "fields": {"action_flag": 1, "action_time": "2012-10-24T15:01:31.747", "object_repr": "ocean", "object_id": "5", "change_message": "", "user": 1, "content_type": 8}}, {"pk": 24, "model": "admin.logentry", "fields": {"action_flag": 1, "action_time": "2012-10-24T15:00:42.479", "object_repr": "lethal industry", "object_id": "4", "change_message": "", "user": 1, "content_type": 8}}, {"pk": 23, "model": "admin.logentry", "fields": {"action_flag": 1, "action_time": "2012-10-24T14:58:42.550", "object_repr": "Armin van buuren", "object_id": "4", "change_message": "", "user": 1, "content_type": 11}}, {"pk": 22, "model": "admin.logentry", "fields": {"action_flag": 1, "action_time": "2012-10-24T14:58:30.853", "object_repr": "armin van buuren", "object_id": "3", "change_message": "", "user": 1, "content_type": 11}}, {"pk": 21, "model": "admin.logentry", "fields": {"action_flag": 1, "action_time": "2012-10-24T14:57:55.972", "object_repr": "excelente estilo el de esta pagina.", "object_id": "4", "change_message": "", "user": 1, "content_type": 14}}, {"pk": 20, "model": "admin.logentry", "fields": {"action_flag": 1, "action_time": "2012-10-24T14:57:10.812", "object_repr": "Esta cancion me llama mucho la atencion es hermosa", "object_id": "3", "change_message": "", "user": 1, "content_type": 14}}, {"pk": 19, "model": "admin.logentry", "fields": {"action_flag": 2, "action_time": "2012-10-24T14:55:20.103", "object_repr": "in and out of love with", "object_id": "1", "change_message": "Modificado/a body y info.", "user": 1, "content_type": 8}}, {"pk": 18, "model": "admin.logentry", "fields": {"action_flag": 1, "action_time": "2012-10-24T14:54:04.216", "object_repr": "Till The Sky Falls Down", "object_id": "3", "change_message": "", "user": 1, "content_type": 8}}, {"pk": 17, "model": "admin.logentry", "fields": {"action_flag": 1, "action_time": "2012-10-24T14:51:47.946", "object_repr": "Fine without you", "object_id": "2", "change_message": "", "user": 1, "content_type": 8}}, {"pk": 16, "model": "admin.logentry", "fields": {"action_flag": 1, "action_time": "2012-10-24T14:48:59.603", "object_repr": "Sia", "object_id": "2", "change_message": "", "user": 1, "content_type": 11}}, {"pk": 15, "model": "admin.logentry", "fields": {"action_flag": 1, "action_time": "2012-10-24T14:48:44.932", "object_repr": "Armin van buuren", "object_id": "1", "change_message": "", "user": 1, "content_type": 11}}, {"pk": 14, "model": "admin.logentry", "fields": {"action_flag": 1, "action_time": "2012-10-24T14:47:34.644", "object_repr": "youtube", "object_id": "10", "change_message": "", "user": 1, "content_type": 15}}, {"pk": 13, "model": "admin.logentry", "fields": {"action_flag": 1, "action_time": "2012-10-24T14:47:21.836", "object_repr": "wikipedia", "object_id": "9", "change_message": "", "user": 1, "content_type": 15}}, {"pk": 12, "model": "admin.logentry", "fields": {"action_flag": 1, "action_time": "2012-10-24T14:47:08.846", "object_repr": "lopsi", "object_id": "8", "change_message": "", "user": 1, "content_type": 15}}, {"pk": 11, "model": "admin.logentry", "fields": {"action_flag": 1, "action_time": "2012-10-24T14:46:44.393", "object_repr": "finisheds", "object_id": "7", "change_message": "", "user": 1, "content_type": 15}}, {"pk": 10, "model": "admin.logentry", "fields": {"action_flag": 1, "action_time": "2012-10-24T14:46:31.393", "object_repr": "Castrol", "object_id": "6", "change_message": "", "user": 1, "content_type": 15}}, {"pk": 9, "model": "admin.logentry", "fields": {"action_flag": 1, "action_time": "2012-10-24T14:46:17.474", "object_repr": "sync", "object_id": "5", "change_message": "", "user": 1, "content_type": 15}}, {"pk": 8, "model": "admin.logentry", "fields": {"action_flag": 1, "action_time": "2012-10-24T14:45:38.517", "object_repr": "dumlop", "object_id": "4", "change_message": "", "user": 1, "content_type": 15}}, {"pk": 7, "model": "admin.logentry", "fields": {"action_flag": 1, "action_time": "2012-10-24T14:45:14.378", "object_repr": "rockstart", "object_id": "3", "change_message": "", "user": 1, "content_type": 15}}, {"pk": 6, "model": "admin.logentry", "fields": {"action_flag": 1, "action_time": "2012-10-24T14:44:50.904", "object_repr": "Panasonic", "object_id": "2", "change_message": "", "user": 1, "content_type": 15}}, {"pk": 5, "model": "admin.logentry", "fields": {"action_flag": 1, "action_time": "2012-10-24T14:44:35.879", "object_repr": "SONY", "object_id": "1", "change_message": "", "user": 1, "content_type": 15}}, {"pk": 4, "model": "admin.logentry", "fields": {"action_flag": 1, "action_time": "2012-10-24T14:22:29.405", "object_repr": "Uno de mis mejores temas, es muy buena.", "object_id": "2", "change_message": "", "user": 1, "content_type": 14}}, {"pk": 3, "model": "admin.logentry", "fields": {"action_flag": 1, "action_time": "2012-10-24T14:22:00.214", "object_repr": "This video is all a pump is super sticky", "object_id": "1", "change_message": "", "user": 1, "content_type": 14}}, {"pk": 2, "model": "admin.logentry", "fields": {"action_flag": 2, "action_time": "2012-10-24T14:16:04.619", "object_repr": "in and out of love with", "object_id": "1", "change_message": "Modificado/a body.", "user": 1, "content_type": 8}}, {"pk": 1, "model": "admin.logentry", "fields": {"action_flag": 1, "action_time": "2012-10-24T14:12:52.879", "object_repr": "in and out of love with", "object_id": "1", "change_message": "", "user": 1, "content_type": 8}}]