[{"pk": 8, "model": "contenttypes.contenttype", "fields": {"model": "author", "name": "author", "app_label": "app"}}, {"pk": 12, "model": "contenttypes.contenttype", "fields": {"model": "authorsbelonging", "name": "authors belonging", "app_label": "app"}}, {"pk": 11, "model": "contenttypes.contenttype", "fields": {"model": "badqualify", "name": "bad qualify", "app_label": "app"}}, {"pk": 13, "model": "contenttypes.contenttype", "fields": {"model": "comment", "name": "comment", "app_label": "app"}}, {"pk": 14, "model": "contenttypes.contenttype", "fields": {"model": "commentqualify", "name": "comment qualify", "app_label": "app"}}, {"pk": 4, "model": "contenttypes.contenttype", "fields": {"model": "contenttype", "name": "content type", "app_label": "contenttypes"}}, {"pk": 16, "model": "contenttypes.contenttype", "fields": {"model": "contributor", "name": "contributor", "app_label": "app"}}, {"pk": 10, "model": "contenttypes.contenttype", "fields": {"model": "finequalify", "name": "fine qualify", "app_label": "app"}}, {"pk": 2, "model": "contenttypes.contenttype", "fields": {"model": "group", "name": "group", "app_label": "auth"}}, {"pk": 7, "model": "contenttypes.contenttype", "fields": {"model": "logentry", "name": "log entry", "app_label": "admin"}}, {"pk": 9, "model": "contenttypes.contenttype", "fields": {"model": "page", "name": "page", "app_label": "app"}}, {"pk": 1, "model": "contenttypes.contenttype", "fields": {"model": "permission", "name": "permission", "app_label": "auth"}}, {"pk": 5, "model": "contenttypes.contenttype", "fields": {"model": "session", "name": "session", "app_label": "sessions"}}, {"pk": 6, "model": "contenttypes.contenttype", "fields": {"model": "site", "name": "site", "app_label": "sites"}}, {"pk": 3, "model": "contenttypes.contenttype", "fields": {"model": "user", "name": "user", "app_label": "auth"}}, {"pk": 15, "model": "contenttypes.contenttype", "fields": {"model": "visit", "name": "visit", "app_label": "app"}}, {"pk": "09de19fc3bfcfbc69db6ab1b5391a6ba", "model": "sessions.session", "fields": {"expire_date": "2012-11-09T17:55:33.050", "session_data": "ZDI3MjViNmYwMTE5NjFjYjdkYWVmNmEyOThkN2Y4ZGZkM2U3ZWQzMzqAAn1xAShVEl9hdXRoX3Vz\nZXJfYmFja2VuZHECVSlkamFuZ28uY29udHJpYi5hdXRoLmJhY2tlbmRzLk1vZGVsQmFja2VuZHED\nVQ1fYXV0aF91c2VyX2lkcQRLAXUu\n"}}, {"pk": "93d1fa4c875455e045b317bdea1ffa05", "model": "sessions.session", "fields": {"expire_date": "2012-11-09T18:34:20.629", "session_data": "ZDI3MjViNmYwMTE5NjFjYjdkYWVmNmEyOThkN2Y4ZGZkM2U3ZWQzMzqAAn1xAShVEl9hdXRoX3Vz\nZXJfYmFja2VuZHECVSlkamFuZ28uY29udHJpYi5hdXRoLmJhY2tlbmRzLk1vZGVsQmFja2VuZHED\nVQ1fYXV0aF91c2VyX2lkcQRLAXUu\n"}}, {"pk": 1, "model": "sites.site", "fields": {"domain": "example.com", "name": "example.com"}}, {"pk": 5, "model": "app.author", "fields": {"country": "holanda", "age": 36, "name": "Armin van buuren", "avatar": ""}}, {"pk": 3, "model": "app.author", "fields": {"country": "holanada", "age": 23, "name": "restructure", "avatar": ""}}, {"pk": 1, "model": "app.author", "fields": {"country": "alemania", "age": 41, "name": "paul van dyk", "avatar": ""}}, {"pk": 2, "model": "app.author", "fields": {"country": "alemania", "age": 22, "name": "sia", "avatar": ""}}, {"pk": 4, "model": "app.author", "fields": {"country": "alemania", "age": 40, "name": "tiesto", "avatar": ""}}, {"pk": 6, "model": "app.author", "fields": {"country": "alemania", "age": 41, "name": "paul van dik", "avatar": ""}}, {"pk": 5, "model": "app.page", "fields": {"author_main": 4, "body": false, "name": "Elements of live", "fondo": "fondos/fondo4_8.png", "info": "", "video": "http://www.youtube-nocookie.com/v/UtM0W4g-q-U?version=3&amp;hl=es_MX", "keywords": "Elements of live, tiesto, crispander", "path": "Elementsoflive"}}, {"pk": 9, "model": "app.page", "fields": {"author_main": 5, "body": false, "name": "In and out of love", "fondo": "fondos/fondo4_9.png", "info": "", "video": "http://www.youtube-nocookie.com/v/u6RAuOKXv9Y?version=3&amp;hl=es_MX", "keywords": "In and out of love, Armin van buuren, crispander", "path": "Inandoutoflove"}}, {"pk": 12, "model": "app.page", "fields": {"author_main": 6, "body": false, "name": "Nothing but you", "fondo": "", "info": "", "video": "http://www.youtube-nocookie.com/v/ReqPNqp8v14?version=3&amp;hl=es_MX", "keywords": "Nothing but you, paul van dik, crispander", "path": "Nothingbutyou"}}, {"pk": 10, "model": "app.page", "fields": {"author_main": 5, "body": false, "name": "Till The Sky Falls Down", "fondo": "fondos/elefante_6.jpg", "info": "", "video": "http://www.youtube-nocookie.com/v/n4KrOOm8Nj8?version=3&amp;hl=es_MX", "keywords": "Till The Sky Falls Down, Armin van buuren, crispander", "path": "TillTheSkyFallsDown"}}, {"pk": 3, "model": "app.page", "fields": {"author_main": 4, "body": false, "name": "athena", "fondo": "fondos/elefante_5.jpg", "info": "== Tiesto ==\n=== athena ===\npertene al album ??? creado en la fecha ???", "video": "http://www.youtube-nocookie.com/v/HmcusYkPGeY?version=3&amp;hl=es_MX", "keywords": "athena, tiesto, crispander", "path": "athena"}}, {"pk": 11, "model": "app.page", "fields": {"author_main": 5, "body": false, "name": "fine without you", "fondo": "fondos/fondo2_18.png", "info": "", "video": "http://www.youtube-nocookie.com/v/rLG6OAE6FIE?version=3&amp;hl=es_MX", "keywords": "fine without you, Armin van buuren, crispander", "path": "finewithoutyou"}}, {"pk": 1, "model": "app.page", "fields": {"author_main": 1, "body": false, "name": "in and out of love with", "fondo": "", "info": "", "video": "http://www.youtube-nocookie.com/v/u6RAuOKXv9Y?version=3&amp;hl=es_MX", "keywords": "in and out of love with, paul van dyk, crispander", "path": "inandoutoflovewith"}}, {"pk": 6, "model": "app.page", "fields": {"author_main": 4, "body": true, "name": "in my memory", "fondo": "fondos/Nuevo_documento_2.2012_10_20_22_50_22.0.svg", "info": "", "video": "http://www.youtube-nocookie.com/v/9KqGmwi_Z5w?version=3&amp;hl=es_MX", "keywords": "in my memory, tiesto, crispander", "path": "inmymemory"}}, {"pk": 8, "model": "app.page", "fields": {"author_main": 4, "body": false, "name": "insonmia", "fondo": "", "info": "", "video": "http://www.youtube-nocookie.com/v/rMROOGQj5aM?version=3&amp;hl=es_MX", "keywords": "insonmia, tiesto, crispander", "path": "insonmia"}}, {"pk": 13, "model": "app.page", "fields": {"author_main": 1, "body": true, "name": "let go", "fondo": "", "info": "", "video": "http://www.youtube-nocookie.com/v/mb0bHWwYvVA?version=3&amp;hl=es_MX", "keywords": "let go, paul van dyk, crispander", "path": "letgo"}}, {"pk": 4, "model": "app.page", "fields": {"author_main": 4, "body": true, "name": "lethal lindustry", "fondo": "fondos/fondo3_7.png", "info": "", "video": "http://www.youtube-nocookie.com/v/QJrJCjSJ-ho?version=3&amp;hl=es_MX", "keywords": "lethal lindustry, tiesto, crispander", "path": "lethallindustry"}}, {"pk": 2, "model": "app.page", "fields": {"author_main": 4, "body": true, "name": "magikal journey", "fondo": "fondos/fondo2_17.png", "info": "", "video": "http://www.youtube-nocookie.com/v/g31XreSdIWc?vers", "keywords": "magikal journey, tiesto, crispander", "path": "magikaljourney"}}, {"pk": 14, "model": "app.page", "fields": {"author_main": 6, "body": false, "name": "white sensation 2004", "fondo": "fondos/fondo3_9.png", "info": "", "video": "http://www.youtube-nocookie.com/v/bY4fa9fGPCk?version=3&amp;hl=es_MX", "keywords": "white sensation 2004, paul van dik, crispander", "path": "whitesensation2004"}}, {"pk": 7, "model": "app.page", "fields": {"author_main": 4, "body": false, "name": "white sensation 2007", "fondo": "fondos/fondo3_8.png", "info": "", "video": "http://www.youtube-nocookie.com/v/AN-VO5dczz8?version=3&amp;hl=es_MX", "keywords": "white sensation 2007, tiesto, crispander", "path": "whitesensation2007"}}, {"pk": 4, "model": "app.finequalify", "fields": {"date": "2012-10-29T11:10:40.122", "page": 4}}, {"pk": 3, "model": "app.finequalify", "fields": {"date": "2012-10-26T22:57:53.890", "page": 3}}, {"pk": 2, "model": "app.finequalify", "fields": {"date": "2012-10-26T22:53:12.157", "page": 2}}, {"pk": 1, "model": "app.finequalify", "fields": {"date": "2012-10-26T19:35:30.539", "page": 5}}, {"pk": 1, "model": "app.badqualify", "fields": {"date": "2012-10-29T14:05:23.430", "page": 3}}, {"pk": 1, "model": "app.authorsbelonging", "fields": {"page": 1, "author": 2}}, {"pk": 7, "model": "app.comment", "fields": {"comment": "Excelente cancion, y super animadora-", "date": "2012-10-29T11:11:23.208", "page": 4, "name": "felipe"}}, {"pk": 6, "model": "app.comment", "fields": {"comment": "este tema sono en su ultimo white sensation es una belleza -- presente URUGUAY--!", "date": "2012-10-26T19:11:15.852", "page": 3, "name": "jonathan"}}, {"pk": 5, "model": "app.comment", "fields": {"comment": "que buen sonido tiene. viva PERU!!", "date": "2012-10-26T19:10:18.241", "page": 3, "name": "fernando"}}, {"pk": 4, "model": "app.comment", "fields": {"comment": "this song is amazing!!! - new zaland", "date": "2012-10-26T19:09:41.509", "page": 3, "name": "lucas"}}, {"pk": 3, "model": "app.comment", "fields": {"comment": "que temazo, ya lleva su tiempo pero pertenecio a uno de los mejores albunes en la carrera de tiesto", "date": "2012-10-26T19:08:57.546", "page": 3, "name": "juan"}}, {"pk": 2, "model": "app.comment", "fields": {"comment": "este video es estupendo, y ademas esa nena que tiene una voz espectacular", "date": "2012-10-26T18:33:13.063", "page": 1, "name": "juan"}}, {"pk": 1, "model": "app.comment", "fields": {"comment": "me gusta esta pagina gracias", "date": "2012-10-26T18:10:24.706", "page": 1, "name": "cristian"}}, {"pk": 2, "model": "app.commentqualify", "fields": {"comment": 1, "date": "2012-10-26T18:32:38.573", "type_qualify": true}}, {"pk": 1, "model": "app.commentqualify", "fields": {"comment": 1, "date": "2012-10-26T18:10:33.939", "type_qualify": true}}, {"pk": 46, "model": "app.visit", "fields": {"date": "2012-10-29T17:23:44.009", "ip": "10.79.37.178", "page": 7}}, {"pk": 45, "model": "app.visit", "fields": {"date": "2012-10-29T16:05:19.755", "ip": "10.125.42.29", "page": 14}}, {"pk": 44, "model": "app.visit", "fields": {"date": "2012-10-29T15:14:03.153", "ip": "10.115.55.72", "page": 4}}, {"pk": 43, "model": "app.visit", "fields": {"date": "2012-10-29T14:18:24.745", "ip": "10.115.55.72", "page": 12}}, {"pk": 42, "model": "app.visit", "fields": {"date": "2012-10-29T14:15:01.862", "ip": "10.79.37.178", "page": 10}}, {"pk": 41, "model": "app.visit", "fields": {"date": "2012-10-29T12:00:31.517", "ip": "10.127.77.84", "page": 3}}, {"pk": 40, "model": "app.visit", "fields": {"date": "2012-10-29T11:52:58.708", "ip": "10.192.97.219", "page": 9}}, {"pk": 39, "model": "app.visit", "fields": {"date": "2012-10-29T11:11:26.871", "ip": "10.127.77.84", "page": 4}}, {"pk": 38, "model": "app.visit", "fields": {"date": "2012-10-29T11:10:27.772", "ip": "10.127.77.84", "page": 4}}, {"pk": 37, "model": "app.visit", "fields": {"date": "2012-10-26T22:57:23.828", "ip": "10.192.97.219", "page": 3}}, {"pk": 36, "model": "app.visit", "fields": {"date": "2012-10-26T22:54:06.485", "ip": "10.79.37.178", "page": 2}}, {"pk": 35, "model": "app.visit", "fields": {"date": "2012-10-26T22:50:21.455", "ip": "10.79.37.178", "page": 2}}, {"pk": 34, "model": "app.visit", "fields": {"date": "2012-10-26T22:50:13.073", "ip": "10.127.77.84", "page": 4}}, {"pk": 33, "model": "app.visit", "fields": {"date": "2012-10-26T19:45:12.347", "ip": "10.115.55.72", "page": 3}}, {"pk": 32, "model": "app.visit", "fields": {"date": "2012-10-26T19:35:21.716", "ip": "10.115.55.72", "page": 5}}, {"pk": 31, "model": "app.visit", "fields": {"date": "2012-10-26T19:19:45.275", "ip": "10.79.37.178", "page": 14}}, {"pk": 30, "model": "app.visit", "fields": {"date": "2012-10-26T19:13:26.604", "ip": "10.192.97.219", "page": 6}}, {"pk": 29, "model": "app.visit", "fields": {"date": "2012-10-26T19:11:20.052", "ip": "10.192.97.219", "page": 3}}, {"pk": 28, "model": "app.visit", "fields": {"date": "2012-10-26T19:07:55.507", "ip": "10.192.97.219", "page": 3}}, {"pk": 27, "model": "app.visit", "fields": {"date": "2012-10-26T19:07:30.583", "ip": "10.127.77.84", "page": 3}}, {"pk": 26, "model": "app.visit", "fields": {"date": "2012-10-26T19:06:34.655", "ip": "10.127.77.84", "page": 3}}, {"pk": 25, "model": "app.visit", "fields": {"date": "2012-10-26T19:04:12.608", "ip": "10.127.77.84", "page": 3}}, {"pk": 24, "model": "app.visit", "fields": {"date": "2012-10-26T18:33:43.343", "ip": "10.79.37.178", "page": 1}}, {"pk": 23, "model": "app.visit", "fields": {"date": "2012-10-26T18:33:35.557", "ip": "10.79.37.178", "page": 1}}, {"pk": 22, "model": "app.visit", "fields": {"date": "2012-10-26T18:33:17.006", "ip": "10.79.37.178", "page": 1}}, {"pk": 21, "model": "app.visit", "fields": {"date": "2012-10-26T18:32:23.658", "ip": "10.79.37.178", "page": 1}}, {"pk": 20, "model": "app.visit", "fields": {"date": "2012-10-26T18:17:00.740", "ip": "127.0.0.1", "page": 1}}, {"pk": 19, "model": "app.visit", "fields": {"date": "2012-10-26T18:14:00.549", "ip": "127.0.0.1", "page": 1}}, {"pk": 18, "model": "app.visit", "fields": {"date": "2012-10-26T18:13:39.708", "ip": "127.0.0.1", "page": 1}}, {"pk": 17, "model": "app.visit", "fields": {"date": "2012-10-26T18:12:43.348", "ip": "127.0.0.1", "page": 1}}, {"pk": 16, "model": "app.visit", "fields": {"date": "2012-10-26T18:12:09.013", "ip": "127.0.0.1", "page": 1}}, {"pk": 15, "model": "app.visit", "fields": {"date": "2012-10-26T18:10:31.300", "ip": "127.0.0.1", "page": 1}}, {"pk": 14, "model": "app.visit", "fields": {"date": "2012-10-26T18:10:01.495", "ip": "127.0.0.1", "page": 1}}, {"pk": 13, "model": "app.visit", "fields": {"date": "2012-10-26T18:09:19.979", "ip": "127.0.0.1", "page": 1}}, {"pk": 12, "model": "app.visit", "fields": {"date": "2012-10-26T18:08:16.304", "ip": "127.0.0.1", "page": 1}}, {"pk": 11, "model": "app.visit", "fields": {"date": "2012-10-26T18:08:11.031", "ip": "127.0.0.1", "page": 1}}, {"pk": 10, "model": "app.visit", "fields": {"date": "2012-10-26T18:07:18.281", "ip": "127.0.0.1", "page": 1}}, {"pk": 9, "model": "app.visit", "fields": {"date": "2012-10-26T18:06:35.760", "ip": "127.0.0.1", "page": 1}}, {"pk": 8, "model": "app.visit", "fields": {"date": "2012-10-26T18:06:04.165", "ip": "127.0.0.1", "page": 1}}, {"pk": 7, "model": "app.visit", "fields": {"date": "2012-10-26T18:05:24.761", "ip": "127.0.0.1", "page": 1}}, {"pk": 6, "model": "app.visit", "fields": {"date": "2012-10-26T18:03:43.782", "ip": "127.0.0.1", "page": 1}}, {"pk": 5, "model": "app.visit", "fields": {"date": "2012-10-26T18:02:05.861", "ip": "127.0.0.1", "page": 1}}, {"pk": 4, "model": "app.visit", "fields": {"date": "2012-10-26T18:01:37.673", "ip": "127.0.0.1", "page": 1}}, {"pk": 3, "model": "app.visit", "fields": {"date": "2012-10-26T18:01:20.216", "ip": "127.0.0.1", "page": 1}}, {"pk": 2, "model": "app.visit", "fields": {"date": "2012-10-26T18:00:52.292", "ip": "127.0.0.1", "page": 1}}, {"pk": 1, "model": "app.visit", "fields": {"date": "2012-10-26T18:00:15.786", "ip": "127.0.0.1", "page": 1}}, {"pk": 8, "model": "app.contributor", "fields": {"image": "", "font": 1, "name": "Panasonic", "size": 15}}, {"pk": 1, "model": "app.contributor", "fields": {"image": "", "font": 1, "name": "SONY", "size": 17}}, {"pk": 5, "model": "app.contributor", "fields": {"image": "", "font": 3, "name": "enzo", "size": 18}}, {"pk": 2, "model": "app.contributor", "fields": {"image": "", "font": 2, "name": "rockstart", "size": 25}}, {"pk": 6, "model": "app.contributor", "fields": {"image": "", "font": 3, "name": "sync", "size": 17}}, {"pk": 7, "model": "app.contributor", "fields": {"image": "", "font": 2, "name": "syncmaster", "size": 25}}, {"pk": 3, "model": "app.contributor", "fields": {"image": "", "font": 1, "name": "wikipedia", "size": 16}}, {"pk": 4, "model": "app.contributor", "fields": {"image": "", "font": 1, "name": "youTube", "size": 17}}, {"pk": 19, "model": "auth.permission", "fields": {"codename": "add_logentry", "name": "Can add log entry", "content_type": 7}}, {"pk": 20, "model": "auth.permission", "fields": {"codename": "change_logentry", "name": "Can change log entry", "content_type": 7}}, {"pk": 21, "model": "auth.permission", "fields": {"codename": "delete_logentry", "name": "Can delete log entry", "content_type": 7}}, {"pk": 22, "model": "auth.permission", "fields": {"codename": "add_author", "name": "Can add author", "content_type": 8}}, {"pk": 31, "model": "auth.permission", "fields": {"codename": "change_author", "name": "Can change author", "content_type": 8}}, {"pk": 40, "model": "auth.permission", "fields": {"codename": "delete_author", "name": "Can delete author", "content_type": 8}}, {"pk": 23, "model": "auth.permission", "fields": {"codename": "add_authorsbelonging", "name": "Can add authors belonging", "content_type": 12}}, {"pk": 32, "model": "auth.permission", "fields": {"codename": "change_authorsbelonging", "name": "Can change authors belonging", "content_type": 12}}, {"pk": 41, "model": "auth.permission", "fields": {"codename": "delete_authorsbelonging", "name": "Can delete authors belonging", "content_type": 12}}, {"pk": 24, "model": "auth.permission", "fields": {"codename": "add_badqualify", "name": "Can add bad qualify", "content_type": 11}}, {"pk": 33, "model": "auth.permission", "fields": {"codename": "change_badqualify", "name": "Can change bad qualify", "content_type": 11}}, {"pk": 42, "model": "auth.permission", "fields": {"codename": "delete_badqualify", "name": "Can delete bad qualify", "content_type": 11}}, {"pk": 25, "model": "auth.permission", "fields": {"codename": "add_comment", "name": "Can add comment", "content_type": 13}}, {"pk": 34, "model": "auth.permission", "fields": {"codename": "change_comment", "name": "Can change comment", "content_type": 13}}, {"pk": 43, "model": "auth.permission", "fields": {"codename": "delete_comment", "name": "Can delete comment", "content_type": 13}}, {"pk": 26, "model": "auth.permission", "fields": {"codename": "add_commentqualify", "name": "Can add comment qualify", "content_type": 14}}, {"pk": 35, "model": "auth.permission", "fields": {"codename": "change_commentqualify", "name": "Can change comment qualify", "content_type": 14}}, {"pk": 44, "model": "auth.permission", "fields": {"codename": "delete_commentqualify", "name": "Can delete comment qualify", "content_type": 14}}, {"pk": 27, "model": "auth.permission", "fields": {"codename": "add_contributor", "name": "Can add contributor", "content_type": 16}}, {"pk": 36, "model": "auth.permission", "fields": {"codename": "change_contributor", "name": "Can change contributor", "content_type": 16}}, {"pk": 45, "model": "auth.permission", "fields": {"codename": "delete_contributor", "name": "Can delete contributor", "content_type": 16}}, {"pk": 28, "model": "auth.permission", "fields": {"codename": "add_finequalify", "name": "Can add fine qualify", "content_type": 10}}, {"pk": 37, "model": "auth.permission", "fields": {"codename": "change_finequalify", "name": "Can change fine qualify", "content_type": 10}}, {"pk": 46, "model": "auth.permission", "fields": {"codename": "delete_finequalify", "name": "Can delete fine qualify", "content_type": 10}}, {"pk": 29, "model": "auth.permission", "fields": {"codename": "add_page", "name": "Can add page", "content_type": 9}}, {"pk": 38, "model": "auth.permission", "fields": {"codename": "change_page", "name": "Can change page", "content_type": 9}}, {"pk": 47, "model": "auth.permission", "fields": {"codename": "delete_page", "name": "Can delete page", "content_type": 9}}, {"pk": 30, "model": "auth.permission", "fields": {"codename": "add_visit", "name": "Can add visit", "content_type": 15}}, {"pk": 39, "model": "auth.permission", "fields": {"codename": "change_visit", "name": "Can change visit", "content_type": 15}}, {"pk": 48, "model": "auth.permission", "fields": {"codename": "delete_visit", "name": "Can delete visit", "content_type": 15}}, {"pk": 1, "model": "auth.permission", "fields": {"codename": "add_group", "name": "Can add group", "content_type": 2}}, {"pk": 4, "model": "auth.permission", "fields": {"codename": "change_group", "name": "Can change group", "content_type": 2}}, {"pk": 7, "model": "auth.permission", "fields": {"codename": "delete_group", "name": "Can delete group", "content_type": 2}}, {"pk": 2, "model": "auth.permission", "fields": {"codename": "add_permission", "name": "Can add permission", "content_type": 1}}, {"pk": 5, "model": "auth.permission", "fields": {"codename": "change_permission", "name": "Can change permission", "content_type": 1}}, {"pk": 8, "model": "auth.permission", "fields": {"codename": "delete_permission", "name": "Can delete permission", "content_type": 1}}, {"pk": 3, "model": "auth.permission", "fields": {"codename": "add_user", "name": "Can add user", "content_type": 3}}, {"pk": 6, "model": "auth.permission", "fields": {"codename": "change_user", "name": "Can change user", "content_type": 3}}, {"pk": 9, "model": "auth.permission", "fields": {"codename": "delete_user", "name": "Can delete user", "content_type": 3}}, {"pk": 10, "model": "auth.permission", "fields": {"codename": "add_contenttype", "name": "Can add content type", "content_type": 4}}, {"pk": 11, "model": "auth.permission", "fields": {"codename": "change_contenttype", "name": "Can change content type", "content_type": 4}}, {"pk": 12, "model": "auth.permission", "fields": {"codename": "delete_contenttype", "name": "Can delete content type", "content_type": 4}}, {"pk": 13, "model": "auth.permission", "fields": {"codename": "add_session", "name": "Can add session", "content_type": 5}}, {"pk": 14, "model": "auth.permission", "fields": {"codename": "change_session", "name": "Can change session", "content_type": 5}}, {"pk": 15, "model": "auth.permission", "fields": {"codename": "delete_session", "name": "Can delete session", "content_type": 5}}, {"pk": 16, "model": "auth.permission", "fields": {"codename": "add_site", "name": "Can add site", "content_type": 6}}, {"pk": 17, "model": "auth.permission", "fields": {"codename": "change_site", "name": "Can change site", "content_type": 6}}, {"pk": 18, "model": "auth.permission", "fields": {"codename": "delete_site", "name": "Can delete site", "content_type": 6}}, {"pk": 1, "model": "auth.user", "fields": {"username": "cristian", "first_name": "", "last_name": "", "is_active": true, "is_superuser": true, "is_staff": true, "last_login": "2012-10-26T18:34:20.605", "groups": [], "user_permissions": [], "password": "pbkdf2_sha256$10000$PKHA2zSFxVDP$EM17rfGvmDpOVa0L711b/m+msnIszeMOFC9Yzs02sDA=", "email": "admin@admin.com", "date_joined": "2012-10-26T17:55:01.961"}}, {"pk": 31, "model": "admin.logentry", "fields": {"action_flag": 1, "action_time": "2012-10-26T19:07:50.227", "object_repr": "Panasonic", "object_id": "8", "change_message": "", "user": 1, "content_type": 16}}, {"pk": 30, "model": "admin.logentry", "fields": {"action_flag": 2, "action_time": "2012-10-26T19:07:17.895", "object_repr": "sync", "object_id": "6", "change_message": "Modificado/a font.", "user": 1, "content_type": 16}}, {"pk": 29, "model": "admin.logentry", "fields": {"action_flag": 2, "action_time": "2012-10-26T19:07:00.295", "object_repr": "enzo", "object_id": "5", "change_message": "Modificado/a font.", "user": 1, "content_type": 16}}, {"pk": 28, "model": "admin.logentry", "fields": {"action_flag": 1, "action_time": "2012-10-26T19:06:28.698", "object_repr": "syncmaster", "object_id": "7", "change_message": "", "user": 1, "content_type": 16}}, {"pk": 27, "model": "admin.logentry", "fields": {"action_flag": 1, "action_time": "2012-10-26T19:06:17.518", "object_repr": "sync", "object_id": "6", "change_message": "", "user": 1, "content_type": 16}}, {"pk": 26, "model": "admin.logentry", "fields": {"action_flag": 1, "action_time": "2012-10-26T19:06:05.630", "object_repr": "enzo", "object_id": "5", "change_message": "", "user": 1, "content_type": 16}}, {"pk": 25, "model": "admin.logentry", "fields": {"action_flag": 1, "action_time": "2012-10-26T19:05:51.326", "object_repr": "youTube", "object_id": "4", "change_message": "", "user": 1, "content_type": 16}}, {"pk": 24, "model": "admin.logentry", "fields": {"action_flag": 1, "action_time": "2012-10-26T19:05:33.576", "object_repr": "wikipedia", "object_id": "3", "change_message": "", "user": 1, "content_type": 16}}, {"pk": 23, "model": "admin.logentry", "fields": {"action_flag": 1, "action_time": "2012-10-26T19:05:20.465", "object_repr": "rockstart", "object_id": "2", "change_message": "", "user": 1, "content_type": 16}}, {"pk": 22, "model": "admin.logentry", "fields": {"action_flag": 1, "action_time": "2012-10-26T19:04:58.360", "object_repr": "SONY", "object_id": "1", "change_message": "", "user": 1, "content_type": 16}}, {"pk": 21, "model": "admin.logentry", "fields": {"action_flag": 1, "action_time": "2012-10-26T19:00:32.296", "object_repr": "white sensation 2004", "object_id": "14", "change_message": "", "user": 1, "content_type": 9}}, {"pk": 20, "model": "admin.logentry", "fields": {"action_flag": 1, "action_time": "2012-10-26T18:59:35.358", "object_repr": "let go", "object_id": "13", "change_message": "", "user": 1, "content_type": 9}}, {"pk": 19, "model": "admin.logentry", "fields": {"action_flag": 1, "action_time": "2012-10-26T18:58:22.542", "object_repr": "Nothing but you", "object_id": "12", "change_message": "", "user": 1, "content_type": 9}}, {"pk": 18, "model": "admin.logentry", "fields": {"action_flag": 1, "action_time": "2012-10-26T18:58:19.290", "object_repr": "paul van dik", "object_id": "6", "change_message": "", "user": 1, "content_type": 8}}, {"pk": 17, "model": "admin.logentry", "fields": {"action_flag": 1, "action_time": "2012-10-26T18:57:18.830", "object_repr": "fine without you", "object_id": "11", "change_message": "", "user": 1, "content_type": 9}}, {"pk": 16, "model": "admin.logentry", "fields": {"action_flag": 1, "action_time": "2012-10-26T18:55:50.828", "object_repr": "Till The Sky Falls Down", "object_id": "10", "change_message": "", "user": 1, "content_type": 9}}, {"pk": 15, "model": "admin.logentry", "fields": {"action_flag": 1, "action_time": "2012-10-26T18:53:13.305", "object_repr": "In and out of love", "object_id": "9", "change_message": "", "user": 1, "content_type": 9}}, {"pk": 14, "model": "admin.logentry", "fields": {"action_flag": 1, "action_time": "2012-10-26T18:52:30.156", "object_repr": "Armin van buuren", "object_id": "5", "change_message": "", "user": 1, "content_type": 8}}, {"pk": 13, "model": "admin.logentry", "fields": {"action_flag": 1, "action_time": "2012-10-26T18:50:58.984", "object_repr": "insonmia", "object_id": "8", "change_message": "", "user": 1, "content_type": 9}}, {"pk": 12, "model": "admin.logentry", "fields": {"action_flag": 1, "action_time": "2012-10-26T18:49:34.438", "object_repr": "white sensation 2007", "object_id": "7", "change_message": "", "user": 1, "content_type": 9}}, {"pk": 11, "model": "admin.logentry", "fields": {"action_flag": 1, "action_time": "2012-10-26T18:45:00.597", "object_repr": "in my memory", "object_id": "6", "change_message": "", "user": 1, "content_type": 9}}, {"pk": 10, "model": "admin.logentry", "fields": {"action_flag": 1, "action_time": "2012-10-26T18:43:10.685", "object_repr": "Elements of live", "object_id": "5", "change_message": "", "user": 1, "content_type": 9}}, {"pk": 9, "model": "admin.logentry", "fields": {"action_flag": 1, "action_time": "2012-10-26T18:41:41.807", "object_repr": "lethal lindustry", "object_id": "4", "change_message": "", "user": 1, "content_type": 9}}, {"pk": 8, "model": "admin.logentry", "fields": {"action_flag": 1, "action_time": "2012-10-26T18:37:59.013", "object_repr": "athena", "object_id": "3", "change_message": "", "user": 1, "content_type": 9}}, {"pk": 7, "model": "admin.logentry", "fields": {"action_flag": 1, "action_time": "2012-10-26T18:36:07.431", "object_repr": "magikal journey", "object_id": "2", "change_message": "", "user": 1, "content_type": 9}}, {"pk": 6, "model": "admin.logentry", "fields": {"action_flag": 1, "action_time": "2012-10-26T18:35:20.609", "object_repr": "tiesto", "object_id": "4", "change_message": "", "user": 1, "content_type": 8}}, {"pk": 5, "model": "admin.logentry", "fields": {"action_flag": 1, "action_time": "2012-10-26T18:05:58.905", "object_repr": "restructure", "object_id": "3", "change_message": "", "user": 1, "content_type": 8}}, {"pk": 4, "model": "admin.logentry", "fields": {"action_flag": 1, "action_time": "2012-10-26T18:03:38.543", "object_repr": "sia", "object_id": "1", "change_message": "", "user": 1, "content_type": 12}}, {"pk": 3, "model": "admin.logentry", "fields": {"action_flag": 1, "action_time": "2012-10-26T18:03:36.572", "object_repr": "sia", "object_id": "2", "change_message": "", "user": 1, "content_type": 8}}, {"pk": 2, "model": "admin.logentry", "fields": {"action_flag": 1, "action_time": "2012-10-26T17:59:46.528", "object_repr": "in and out of love with", "object_id": "1", "change_message": "", "user": 1, "content_type": 9}}, {"pk": 1, "model": "admin.logentry", "fields": {"action_flag": 1, "action_time": "2012-10-26T17:56:43.598", "object_repr": "Author object", "object_id": "1", "change_message": "", "user": 1, "content_type": 8}}]